First Name,Last Name,Display Name,Nickname,E-mail Address,E-mail 2 Address,Business Phone,Home Phone,Business Fax,Pager,Mobile Phone,Home Street,Home City,Home State,Home Postal Code,Home Country/Region,Business Street,Business City,Business State,Business Postal Code,Business Country/Region,Job Title,Department,Company,Web Page,Notes
Tomás,Ávila,Tomás Ávila,,tavila@iea.com.ar,,,,,,,,,,,,,,,,,,,,,
Pancho,Drappo,Pancho Drappo,,pdrappo@iea.com.ar,,,,,,,,,,,,,,,,,,,,,
Héctor,Molina,Héctor Molina,,hmolina@iea.com.ar,,,,,,,,,,,,,,,,,,,,,
Mateo,Cubertié,Mateo Cubertié,,mcubertie@iea.com.ar,,,,,,,,,,,,,,,,,,,,,
